species;MPIAM10_1_S_Jena14;MPIAM1_2_S_MBCF11;MPIAM1_3_S_Jena148;MPIAM1_4_S_MBCF18;MPIAM2_1_S_MBCF48;MPIAM2_3_S_MBCF127;MPIAM3_1_S_MBCF66;MPIAM4_1_S_MBCF37;MPIAM4_2_S_MBCF58;MPIAM4_3_S_MBCF70;MPIAM5_1_S_MBCF10;MPIAM5_5_S_MBCF73;MPIAM5_6_S_Jena17;MPIAM6_2_S_Jena23;MPIAM7_1_S_MBCF9;MPIAM7_2_S_MBCF16;MPIAM7_3_S_MBCF27;MPIAM7_4_S_MBCF45;MPIAM7_5_S_MBCF63;MPIAM7_6_S_Jena13;MPIAM7_7_S_Jena22;MPIAM8_1_S_Jena24;MPIAM9_1_S_Jena29;MPIAW10_1_S_Jena98;MPIAW10_2_S_Jena147B;MPIAW12_1_S_MBCF129;MPIAW2_1_S_MBCF64;MPIAW4_1_S_MBCF61;MPIAW8_1_S_Jena110;MPIBM1_1_S_MBCF19;MPIBM1_3_S_MBCF49;MPIBM1_4_S_MBCF55;MPIBM5_1_S_Jena165;MPIBM6_1_S_Jena25;MPIBM6_2_S_Jena112;MPIBW1_1_S_MBCF59;MPIBW1_2_S_MBCF65;MPICM1_3_S_MBCF36;MPICM2_1_S_MBCF41;MPICM3_1_S_Jena164;MPICM4_1_S_Jena30;MPICM5_1_S_Jena111;MPICM6_1_S_MBCF54;MPICW1_1_S_MBCF50;MPICW1_2_S_Jena27;MPICW2_3_S_MBCF32;MPICW3_1_S_MBCF29;MPICW4_1_S_MBCF46;MPICW4_2_S_Jena21;MPICW4_3_S_Jena101;MPICW5_1_S_MBCF53;MPICW6_1_S_Jena16;MPICW7_1_S_Jena100;MPSAM1_2_S_MBCF15;MPSAM1_3_S_MBCF38;MPSAM1_4_S_MBCF51;MPSAM1_5_S_MBCF62;MPSAM1_7_S_Jena20;MPSAM5_2_S_Jena26;MPSAW1_4_S_MBCF17;MPSAW2_3_S_MBCF44;MPSAW2_4_S_MBCF52;MPSAW2_5_S_MBCF57;MPSAW2_6_S_MBCF69;MPSAW2_7_S_Jena11;MPSAW2_8_S_Jena19;MPSBM2_1_S_MBCF33;MPSBM4_1_S_MBCF60;MPSBM4_2_S_Jena99;MPSBW1_1_S_MBCF21;MPSBW1_3_S_MBCF42;MPSBW2_1_S_MBCF67;MPSBW2_2_S_Jena31;MPSCM3_1_S_Jena28;MPSCW1_3_S_MBCF47;MPSCW1_4_S_Jena146B;MPSCW2_1_S_MBCF68
Staphylococcus aureus;0;266670.204;584.72935;136031.604;0;235726.6603;246474.2816;340400.2292;74404.66834;0;0;204321.6448;211210.4394;131499.1659;8481.15195;13743.85582;50320.03219;77799.5361;52204.13838;40936.80234;62395.30217;0;0;8961.2985;215083.7989;315355.9785;25287.85319;0;16514.88406;0;381.23336;0;91267.73967;171312.3432;22544.69992;339959.6622;336231.6583;0;0;0;0;0;4506.52698;332758.0362;297550.0109;0;0;0;0;0;192473.0894;38826.47218;0;0;11217.66813;144.06421;0;0;0;0;0;15005.6554;0;0;190120.7204;0;147596.2341;0;0;915.31896;0;149415.9572;59601.712;134690.1069;0;0;0
Pseudomonas aeruginosa;0;253.20278;0;0;98.2039;0;0;0;0;0;151699.1636;53689.30059;50653.66863;0;81534.59064;142273.988;131561.2916;93818.98087;91709.18596;130442.2683;120138.6175;0;0;0;0;0;0;155514.0711;0;156259.7731;136493.5588;156335.758;30184.21911;67451.00031;138943.6054;0;0;34.17815;148714.649;69857.88728;115038.0801;154889.4835;131125.1047;4874.46253;17933.52951;83430.18883;155564.4524;14755.46226;87626.5472;74070.90512;0;0;121138.5542;0;0;0;0;0;0;0;0;0;0;0;0;0;88725.17817;0;0;336.81623;249.49911;0;0;0;149915.3048;157110.8298;132773.4738
Rothia mucilaginosa;3265.72304;13780.36242;13308.59081;35699.41486;234192.3723;54405.43479;3041.38032;1626.79426;3301.48835;50455.37341;11997.64793;11357.77599;8131.09791;61235.93549;83156.54008;3391.37193;1426.26182;61493.82943;12717.59317;9879.89393;6900.972;24569.50532;184495.4625;4577.65185;464.31414;0;6953.16962;547.00576;68327.46265;0;4537.96719;0;0;2908.47779;457.11164;2885.05572;2029.8057;1299.39708;0;33944.90634;5891.89526;352.55582;2718.75944;937.93705;3220.7481;0;586.64515;36773.71384;51220.63861;24158.05449;11524.28593;7376.55398;462.07446;106068.0106;18779.81784;16500.67156;8078.37745;12854.50062;54210.3605;55961.45226;75672.87785;224078.0482;0;101665.4598;29393.15502;52815.35747;0;9396.41389;16346.05476;30624.31991;105312.1405;0;0;1061.16433;4325.56727;1017.24038;4885.26192
Haemophilus influenzae;468349.7693;0;15680.4654;0;0;0;0;0;0;0;0;0;0;0;0;0;0;0;0;0;0;387295.3855;0;0;0;0;0;0;27332.54792;0;0;0;0;0;0;0;0;0;0;0;0;0;0;0;0;0;0;0;0;0;0;0;0;0;0;135.71061;22018.9082;0;0;0;0;0;0;0;0;0;0;469097.234;454551.9189;1367.54887;0;0;0;239.31786;0;0;0
Rothia dentocariosa;206.58796;11619.19693;17433.79766;4514.30175;0;10865.30832;3395.87738;0;62529.29667;110855.0637;0;524.28457;4615.80778;0;0;197.23866;0;0;25359.14075;3443.99861;4665.78025;554.53388;2142.34661;0;0;0;894.54671;483.25218;7637.2577;0;784.09996;0;179698.431;2450.52137;523.33619;1972.68589;2035.38918;7922.27418;8471.71958;2747.59218;885.1886;1713.46368;0;438.2812;4682.59907;0;177.7755;43344.85186;3346.78074;1862.88756;3059.96923;426.76222;0;3275.069;61890.86792;6477.84352;38331.90961;6155.98886;44088.33937;37001.5949;0;0;0;16884.81675;67179.24283;225656.5754;0;2291.13989;1249.43737;27126.35202;8391.60839;0;553.55553;30338.65675;0;0;104.57496
Prevotella melaninogenica;3525.74715;4819.76509;64172.3356;2678.20019;0;21226.25275;0;0;0;0;0;3260.70395;2286.72765;97114.87792;0;0;3824.89251;0;7813.08528;4007.39342;0;7408.28449;5302.93091;0;0;0;15688.7449;0;30268.87977;0;0;0;0;2477.52734;0;0;556.48038;1228.6025;891.55706;607.35889;0;858.40968;0;475.54348;0;0;0;116434.5653;371.95763;0;32349.61145;40641.89479;0;19301.84805;16452.00486;37399.88031;2610.76806;0;12958.86525;40701.37025;0;133436.3008;0;98630.13699;2876.30673;8948.73437;0;0;840.0996;2426.26886;0;8645.70738;12323.14505;5837.44342;0;0;4803.3802
Streptococcus parasanguinis;7230.02486;2097.97297;16220.93998;68850.63904;0;342.17258;0;2037.63333;7010.69619;19168.34677;563.83644;5083.88409;2516.39245;662.97938;14815.79348;538.9992;2158.77599;7749.85474;6558.70024;3172.08651;716.1527;7792.59259;752.89998;0;0;0;25947.055;828.46841;29608.15367;0;617.20866;0;0;3743.44389;794.71467;0;591.10565;17962.44594;6655.18477;86140.01698;13162.90157;1313.72532;0;617.92523;259.37454;0;768.6641;7025.57802;14105.91917;14354.92144;74557.32549;21720.96311;993.49571;0;19104.08432;26473.00471;11485.63166;6239.36472;41135.82584;16932.27678;0;0;0;0;0;0;0;5353.06833;8945.27723;49535.18307;139608.5331;0;0;15738.67959;4457.32013;937.55219;3066.46716
Streptococcus salivarius;642.80162;2557.43532;127253.8546;87914.00141;0;0;0;0;0;0;687.72634;1143.30527;439.92348;0;4344.40041;281.19389;0;0;3863.32505;435.70432;518.43055;3999.61511;21243.97629;0;0;0;0;0;10225.71734;0;0;0;4897.07921;842.04466;1615.67164;0;0;89888.11203;3288.94407;38849.7222;377.10926;0;0;0;285.18311;0;401.62389;0;6996.79336;5865.47716;15238.24193;17939.79968;402.28668;34981.22653;33784.2508;95283.66121;41024.73809;12497.03955;48522.29241;20135.46091;0;0;0;0;0;0;0;7239.38224;5000.61584;30418.72779;18596.67916;0;0;42154.17136;0;178.98482;1987.28419
Stenotrophomonas maltophilia;0;0;0;0;0;0;0;2758.62886;113871.2832;74172.3426;0;0;0;0;0;0;0;0;0;0;0;0;0;194246.9277;76281.59517;0;67987.74741;0;0;0;0;0;0;405.21739;3549.85303;0;4428.96103;0;0;0;0;0;6266.51378;0;0;0;0;20552.19564;12480.62803;35291.74978;0;0;0;0;0;0;0;0;0;0;0;0;0;0;0;0;0;0;0;0;0;0;0;0;0;0;0
Veillonella parvula;1635.63473;9708.57221;23204.35308;5021.76041;0;556.44814;0;0;6172.83951;8619.28521;269.89249;710.37316;3910.98063;1983.12861;6493.85312;7869.8256;1761.85548;550.24333;15524.81393;1299.97791;4812.64429;419.00138;6594.59698;0;0;44980.45351;56599.10024;0;6731.68718;0;9334.41758;0;391.16551;1266.62563;0;0;512.92326;4120.70268;791.39223;1706.67109;485.96232;0;1465.08395;0;0;0;1414.54835;14756.87263;1019.18465;930.70561;291.33128;15515.1066;439.03663;25951.55709;30229.82034;32587.76344;48959.47426;61897.35614;2906.44868;4076.41038;30989.01099;33590.36534;0;15230.76923;3609.61206;2178.11098;0;479.15087;554.57249;27484.83097;8186.16017;0;6610.85582;321.6212;1368.60053;102.75286;714.71493
Streptococcus equinus;122.09753;4912.68672;11378.94188;9623.32896;0;0;0;0;0;0;2085.68896;3280.27438;1088.17641;0;12292.54103;720.04764;0;0;6418.39851;976.01943;1453.77129;1310.4167;88446.4233;0;0;0;0;0;8332.89146;0;0;0;522.25746;887.48323;506.83734;0;0;13450.9637;1158.30914;7559.75897;708.1735;0;0;0;657.64172;0;161.41614;602.82866;7420.47491;6232.99286;10410.98442;10468.05349;570.36058;38000;34308.10498;99849.74288;41061.7145;12085.78638;31786.03006;63105.75718;0;0;0;0;0;0;0;3611.6045;2309.40821;20195.94745;30415.43027;0;0;15126.12415;0;0;1226.506
Streptococcus oralis;561.24802;11887.07281;6112.77839;1195.06398;0;362.01283;0;0;14643.94283;18842.82864;2589.10939;670.79704;2612.78142;0;56466.31039;12216.33816;0;1317.71596;681.36273;1653.14097;4240.01856;1685.03737;15998.45984;5244.83876;368.10757;1723.42427;12589.41345;0;9571.95821;0;7030.5794;0;0;653.86021;315.83602;0;0;1743.50683;307.59126;1035.04084;1661.53698;1246.94047;0;0;0;0;4457.42618;2779.59718;2161.04774;1328.54278;4117.06116;535.19603;0;23775.89454;22243.27186;64730.23257;45017.38698;68760.58095;3918.40558;1493.16577;0;0;0;0;1263.57792;8998.73257;0;481.95953;548.08666;54859.2546;23431.26587;0;0;2955.71081;0;131.88538;850.35531
Streptococcus constellatus;0;0;594.12799;244.01101;0;0;0;0;0;0;0;0;0;0;0;0;0;0;0;0;0;1507.49167;0;0;0;0;0;0;11378.30079;0;0;0;1064.14165;0;0;0;0;0;0;129.50704;0;0;0;0;0;0;0;3637.41818;0;0;999.4437;1664.70858;785.95982;0;1319.49927;1426.22052;0;0;0;0;0;2234.96518;0;0;1968.70268;631.94119;0;0;673.24504;0;0;171184.0629;311082.1513;4957.20064;0;0;0
Veillonella atypica;3110.04785;7876.53194;26917.52526;11209.23472;0;4009.09729;0;0;0;0;0;519.61777;0;1599.08624;0;0;0;0;714.47903;0;0;3324.43623;18636.39466;0;0;123.33194;17518.85566;2645.78593;32506.70419;0;0;0;0;5524.73461;553.35496;0;581.4433;2071.44349;1036.86994;12448.14164;3932.4438;511.95627;0;0;0;0;122.97935;0;6762.47897;0;9971.39735;32708.35077;663.17063;6475.3004;4593.09982;4666.06563;3681.7883;7033.3558;87628.51099;59851.80195;0;0;0;0;0;768.5564;0;4715.39134;1203.32651;20887.53438;12401.4173;0;0;11050.58138;1602.80728;281.70348;11266.43119
Streptococcus gordonii;639.84916;0;464.77782;3299.16271;193466.7256;0;0;0;322.57273;0;79.38341;755.97092;1216.17152;0;960.89684;0;0;0;357.37989;531.73242;304.5242;456.72417;317.57612;0;0;19.67036;1113.7278;0;1550.21287;0;11769.9115;0;0;1113.54542;790.41736;0;0;3413.23056;186.42513;477.90046;0;0;23710.16298;0;0;0;248.04482;0;0;0;3352.65976;770.20922;0;0;3144.87281;1603.27916;1780.80978;0;737.75056;1106.13718;0;2282.99755;0;0;3646.9658;12952.03969;0;0;0;16497.2306;19351.01337;0;0;422.67529;0;0;153.76866
Veillonella dispar;691.01165;1625.70888;14554.00205;2578.87947;0;2608.06416;0;0;330.90668;10527.12542;141.53381;1805.95664;551.7909;24799.70188;259.86298;263.56287;471.4746;0;781.43625;363.76176;155.01657;1592.59135;11462.67062;0;0;1832.30417;15029.01945;0;30283.26403;0;379.72799;0;0;1236.28438;233.78597;0;0;2448.01807;0;7303.39818;1079.04866;0;0;0;0;0;0;0;3640.82999;693.8673;5567.29264;21890.4748;0;15094.7506;6181.36825;9716.69686;6379.84924;10206.10058;16153.10544;31422.32079;0;1421.4074;0;0;0;2039.29869;0;2040.31765;2081.7639;3368.49764;12596.4873;10387.27879;0;398.46919;835.42189;88.81749;3378.29783
Streptococcus anginosus;154.42058;1495.77529;8234.65947;3946.39191;0;0;0;0;0;0;0;0;2209.22867;0;0;0;0;0;0;0;0;0;0;0;513.35778;463.3489;3889.95377;0;1234.53237;0;0;0;12702.55832;0;0;0;487.15084;0;920.78553;765.0838;0;0;0;261.42996;874.51995;0;134.96408;51405.08347;893.5627;2384.26471;211.32184;676.36356;0;0;827.76731;843.3351;0;3907.24849;0;0;89093.13725;32106.73398;0;0;16518.08529;4434.16844;0;855.71264;443.54921;0;2031.4629;13518.88668;4749.58137;19065.45616;0;0;0
Parvimonas micra;0;0;0;38.13512;0;0;0;0;0;0;0;0;0;0;0;0;0;0;0;0;0;2599.4117;0;0;0;0;0;0;14180.89603;0;0;0;0;0;0;0;0;0;0;605.35211;122816.616;0;0;0;0;0;0;0;0;0;262.43899;816.03165;94912.25907;0;0;1022.2905;0;7358.14652;0;0;0;0;0;0;5504.40352;1946.3362;0;457.02023;798.47;0;0;0;0;19231.27133;0;0;678.8923
Gemella sanguinis;4918.33431;5220.31427;3243.21222;7922.41245;0;4639.6483;2156.68203;0;0;0;118.23669;3087.70504;412.70467;58774.97256;425.21741;0;1289.71023;0;6648.14757;0;0;11588.62645;0;0;0;0;3593.28134;0;19079.55172;0;0;0;0;991.78677;0;0;0;2388.1642;0;42506.48327;1103.65438;358.24596;0;0;0;0;0;0;28804.04903;8358.00501;1839.85289;2428.29869;0;0;0;0;0;0;3732.90974;0;0;0;0;0;0;0;0;737.78162;1223.20849;10466.31236;3954.13207;0;0;312.44194;3954.06071;303.03858;5952.52245
Proteus mirabilis;0;0;0;0;0;0;0;0;0;0;0;0;0;0;0;0;0;0;0;0;0;0;0;0;0;0;0;0;0;0;0;0;0;0;0;0;0;131324.6902;0;0;0;0;0;0;0;115020.0253;66.25389;0;0;0;0;0;0;0;0;0;0;0;0;0;0;0;0;0;0;0;0;0;0;0;0;0;0;0;0;0;0
Streptococcus intermedius;0;0;642.6838;331.30585;0;0;0;0;0;0;0;0;0;0;0;0;0;0;0;0;0;216.34307;1784.40837;0;0;0;0;0;1493.68385;0;0;0;0;0;241.01525;0;0;0;153.01879;0;0;0;0;0;1031.7575;0;0;8277.00601;0;378.76383;411.66756;77475.48433;219.58262;0;4340.21899;380.63422;0;1741.87726;7664.32977;1305.81712;0;2459.89305;0;16878.71077;30870.7124;6923.43823;0;0;474.72492;7885.30466;14954.07226;27464.19545;9040.28495;15828.70414;0;0;2642.38457
Prevotella jejuni;2004.57675;2442.24422;2745.87768;205.7923;0;1369.91147;0;0;0;0;85.56965;0;135.20822;5281.42556;0;0;0;0;516.34236;293.75007;0;540.30585;42449.38103;0;0;0;2102.17551;0;8913.51001;0;0;0;0;276.03377;0;0;0;182.09629;0;516.30853;0;0;0;0;0;0;0;7444.99;840.73479;0;3443.69866;2411.5868;0;0;1158.3585;2612.06161;0;1583.15523;2727.69302;36374.10072;0;9327.41315;0;0;0;508.08822;0;0;871.57501;7460.70555;0;29926.10837;43593.24122;3344.48161;3712.45209;0;9722.09992
Streptococcus sanguinis;420.60213;7551.94053;8879.53368;19930.53855;5320.77134;0;0;4736.30487;0;0;1732.98377;0;1302.6013;12131.3208;12765.15863;2196.47561;793.75079;644.00637;9696.42899;684.25619;152.19092;329.50885;0;0;0;268.05766;26560.17328;0;1358.94601;0;1102.06775;0;0;361.35951;0;1476.33521;343.42134;169.01387;234.29295;228.40634;1402.03502;0;0;0;0;0;0;0;0;0;1756.53548;604.29054;0;0;44802.37606;1212.34855;0;0;14154.64709;695.9201;0;0;0;0;0;390.39724;0;419.61071;286.61694;1683.00232;24400.15864;0;0;456.06992;378.46065;80.08981;335.67411
Streptococcus mitis;852.84126;1084.63546;7006.96613;3305.94488;0;175.40992;3039.18544;0;636.3431;5977.24399;502.91707;556.80707;707.31792;1558.13612;6368.14242;507.62307;383.17757;2946.3917;3735.5346;792.05748;610.31539;4201.3476;3704.35432;0;536.48069;27.92087;3308.73123;0;9023.57765;0;5629.39031;0;0;1052.41704;0;0;0;628.16237;1161.60607;2284.48187;0;159.14886;0;0;0;0;895.1168;530.4049;1292.46177;909.17755;4066.15595;1559.27395;0;0;23234.5315;2275.26466;18866.72711;11447.15447;9847.58558;4657.76096;0;0;0;0;0;0;0;355.43239;358.76715;39044.33922;1985.8782;0;0;3914.00221;0;0;1362.82658
Staphylococcus argenteus;0;12791.34076;0;4743.03664;0;7719.07541;5118.06305;8689.08717;2039.12467;0;0;7215.98415;7680.4294;5225.13777;289.62168;520.4592;1940.60197;2957.38497;2049.97057;1460.96147;2277.79402;0;0;324.18048;8916.59719;10126.45456;616.34484;0;497.79973;0;0;0;3468.5286;7491.86606;1140.46873;13501.001;11241.34092;0;0;0;0;0;0;14557.80739;12334.99899;0;0;0;0;0;8516.94562;1190.59244;0;0;0;0;0;0;0;0;0;691.14363;0;0;6274.80256;0;5418.19472;0;0;0;0;4088.05031;2250.70225;5528.64815;0;0;0
Schaalia odontolytica;635.67035;1149.92139;207.555;183.52249;480.15914;19238.54837;0;0;0;712.9059;0;0;467.30079;9532.72278;0;0;0;0;5559.64741;206.54148;2448.20689;1275.25347;2142.957;0;0;0;904.19216;0;9946.1551;0;0;0;0;183.69032;0;0;528.54505;209.21767;0;5175.79589;0;0;0;0;0;0;74.69122;0;0;310.31673;890.94241;1745.61962;0;0;0;0;0;776.39752;7864.05251;39172.62513;34756.70308;3740.05111;0;0;1536.19722;9818.10719;0;0;1697.48509;11158.23817;2889.82541;0;0;0;907.53924;0;682.6893
Enterococcus faecalis;0;0;0;0;0;0;0;0;0;0;0;0;0;5782.71314;0;0;0;0;0;0;0;0;0;0;0;0;0;0;0;0;0;0;0;0;0;0;0;14.96996;0;0;0;0;0;110.15801;482.3191;0;0;8608.66099;0;0;0;0;0;6820.46138;0;45.3802;0;0;0;0;0;0;0;106218.1448;0;0;0;0;0;0;0;0;0;0;0;0;0
Bifidobacterium dentium;0;0;0;0;0;0;0;0;0;0;0;0;0;0;0;0;0;0;0;0;0;0;0;0;0;0;0;0;0;0;0;0;0;0;0;0;0;0;0;207.48512;0;0;0;0;0;0;0;0;0;0;0;0;0;96642.18258;2347.14575;947.95991;1454.1965;8956.11306;0;0;0;0;0;0;0;0;0;0;0;0;0;0;0;14925.13264;0;0;0
Streptococcus thermophilus;0;615.48429;0;740.9786;0;0;0;0;0;0;0;0;0;0;384.85163;0;0;0;0;0;0;0;1702.4737;0;0;0;0;0;0;0;0;0;0;0;0;0;0;40062.85499;0;574.39197;0;0;3553.29949;0;0;0;0;0;357.31609;0;852.71358;445.05453;0;0;2095.48105;7133.33018;18000.64984;0;2773.83856;1366.38068;0;0;0;0;0;0;0;708.88809;0;35673.26648;0;0;0;6354.37951;0;0;0
Staphylococcus epidermidis;0;0;0;1127.11512;0;0;0;0;0;0;0;0;0;0;0;0;0;0;0;0;0;0;4005.8088;0;0;0;0;0;0;419.6524;0;0;0;0;0;0;0;23.37996;0;0;0;0;0;0;0;0;0;0;0;0;0;0;0;0;855.85782;91.94784;1456.15948;89442.07807;0;0;0;489.57414;0;0;0;0;0;0;0;0;0;0;0;0;0;0;0
Propionibacterium acidifaciens;0;0;0;0;0;0;0;0;0;0;0;0;0;757.34237;0;0;0;0;0;0;0;0;0;0;0;0;0;0;0;0;0;0;0;0;0;0;0;0;0;0;0;0;0;0;0;0;0;1659.62111;332.79758;0;0;523.01518;0;9123.64946;14693.13823;221.73725;6282.85515;27176.69109;0;0;14721.58658;182.83586;0;0;11244.56848;721.19648;0;0;0;0;0;0;0;600.37523;0;0;0
Haemophilus parainfluenzae;2111.33045;0;0;0;0;0;0;0;2975.84466;9274.38231;0;0;0;0;0;0;0;0;0;0;0;5680.60204;243.93549;0;0;0;547.43583;0;12163.23087;0;0;0;0;4799.02419;4901.08891;0;0;46.16835;0;1162.22384;0;0;0;0;0;0;0;0;0;0;70.55451;136.65996;0;0;7582.88882;8145.7599;0;6581.36812;13851.03785;0;0;0;0;0;0;0;0;0;480.8678;2302.58303;0;0;2231.20904;0;0;0;1338.57975
Lactobacillus gasseri;0;0;0;0;0;0;0;0;0;0;0;0;0;0;0;0;0;0;0;0;0;0;0;0;0;0;0;0;0;0;0;0;0;0;0;0;0;240.64442;268.23913;0;0;0;0;0;0;0;0;0;0;0;0;0;0;0;0;359.43493;0;0;0;0;83044.55446;216.51717;0;0;0;0;0;0;0;0;2037.75472;0;0;0;0;0;0
Streptococcus pseudopneumoniae;397.21647;614.43422;2822.10611;1375.33666;0;62.03852;0;0;300.07871;2026.55832;150.51305;0;255.1194;522.1274;2104.89857;0;0;856.83684;1423.15962;251.53717;191.27509;1636.02822;1009.10128;0;265.12468;20.67798;1220.05215;0;3681.38215;0;2024.12644;0;0;403.05011;0;0;0;208.90344;410.07272;994.73022;0;0;0;0;0;0;349.6657;0;644.48541;442.63489;1908.75448;467.07187;0;0;8334.16359;1150.19855;10349.11611;7727.23652;3917.37229;1922.90985;0;0;0;0;0;0;0;0;2981.02019;17785.58875;0;0;0;1627.42382;0;0;516.60582
Abiotrophia defectiva;1684.42579;0;9069.15229;2160.93481;0;0;0;0;0;17326.05006;194.39884;0;269.41421;11350.05974;2157.68544;665.92269;0;2659.53382;3057.45048;0;1280.13813;0;2860.16949;721.67978;0;0;15802.22211;0;833.19895;0;0;0;0;291.47721;0;0;0;0;0;133.26322;448.69877;892.63484;0;0;0;0;0;0;0;0;809.26883;0;0;0;0;0;0;0;0;0;0;0;0;0;0;0;0;0;0;0;0;0;0;0;0;0;206.75462
Rothia aeria;0;0;436.22022;132.51241;0;253.04036;0;0;1241.64776;2285.30694;0;0;79.88313;0;0;0;0;0;424.57326;0;0;3303.15937;9805.17116;599.01885;0;0;7785.50314;0;4955.79735;0;0;0;3414.71968;202.81171;0;0;0;149.5644;172.27385;75.1824;0;791.09886;0;0;0;0;0;1043.8284;0;0;460.70991;0;0;0;4536.25632;1541.31812;8231.84484;0;1137.88487;1195.96118;0;0;0;0;1262.21328;4212.47135;0;0;135.22854;2106.01464;0;0;0;1479.22405;0;0;94.48748
Gemella haemolysans;729.68491;596.81197;283.75629;117.76581;0;0;0;0;0;0;213.97768;0;424.58943;0;0;0;0;0;3260.45821;128.36814;0;13985.46057;0;0;395.11308;0;0;0;3635.68858;0;2048.44253;0;0;1055.13112;0;0;0;125.04689;0;432.47629;0;0;0;0;0;0;203.00007;0;0;282.50988;11105.11279;593.23136;0;0;3036.8272;0;0;0;0;635.663;0;0;0;0;0;0;0;0;0;15807.148;0;0;0;1693.36673;0;0;1304.09369
Bifidobacterium longum;0;0;0;0;0;0;0;0;0;0;0;0;0;0;0;0;0;0;375.22054;0;0;0;0;0;0;0;0;0;0;0;0;0;0;475.87994;1178.7927;0;0;0;0;0;342.27992;0;0;0;0;0;0;0;0;0;0;57587.50544;0;0;0;0;0;0;0;0;0;0;0;0;0;0;0;0;0;846.24309;1101.89946;0;0;0;0;0;0
Lactobacillus salivarius;0;0;0;0;0;0;0;0;0;0;0;0;0;0;0;0;0;0;0;0;0;0;0;0;0;0;0;0;0;0;0;0;0;0;0;0;0;0;0;0;0;0;0;0;0;0;0;0;0;0;0;0;0;0;0;0;0;0;0;0;59563.543;0;0;0;0;0;0;750.23002;0;0;0;0;0;0;0;0;0
Fusobacterium nucleatum;0;0;0;0;0;0;0;0;0;0;0;0;0;0;0;0;0;0;0;0;0;383.12302;674.13782;0;0;0;2844.96431;0;6544.89336;0;0;0;1372.43647;0;0;0;0;171.28311;0;584.47811;0;0;0;0;0;0;0;0;0;0;0;16076.91967;18057.28518;0;0;109.59514;0;2223.11396;0;0;0;0;0;0;953.47444;526.25717;0;472.79215;375.63052;0;0;0;0;6893.18356;0;0;1927.40323
Prevotella denticola;86.24375;0;538.88011;35.3818;0;265.64882;0;0;0;0;0;0;0;1305.08338;0;0;0;0;202.34028;98.60273;0;133.95443;776.61179;0;0;0;6604.05048;0;1277.20139;0;0;0;0;173.30788;415.56691;0;0;99.00193;1423.96286;854.75662;0;0;0;0;0;0;0;1596.79004;220.53661;0;807.59351;526.09138;0;0;0;535.85861;0;1069.32811;752.89709;1036.62751;0;1365.73232;0;0;1208.33641;11095.08008;0;490.84346;329.69215;0;0;3216.26617;4824.64831;8122.79216;0;0;6815.13299
Capnocytophaga gingivalis;168.41158;0;328.78603;60.70048;0;0;0;0;0;4355.64054;0;0;236.26698;0;849.29044;178.08617;0;0;2028.7622;0;0;0;2117.16648;339.06287;0;0;1921.17853;0;509.6998;0;0;0;467.70067;180.75075;0;0;0;220.9344;0;2884.80517;0;268.62774;0;0;0;0;0;0;0;0;0;0;0;5441.84535;3514.03306;10593.35942;16015.35719;0;0;290.54175;0;0;0;0;1598.47036;1638.15537;0;0;0;0;0;0;0;536.59423;0;0;0
Leptotrichia buccalis;192.10322;0;830.24866;26.60717;0;3114.62929;0;0;0;0;0;0;0;0;0;0;0;0;268.36479;0;0;263.12006;187.34826;0;0;12.62533;2784.456;0;1546.21924;0;0;0;0;0;0;0;0;84.66589;0;0;0;0;0;0;0;0;0;0;0;0;2425.61545;0;0;0;982.64873;4804.07262;6109.4009;1974.80181;0;22980.13586;0;0;0;0;0;0;0;0;0;4809.79449;0;0;0;327.34836;0;0;526.72188
Streptococcus pneumoniae;256.92002;717.22001;1400.75407;794.66105;0;47.94581;0;0;203.23683;1125.28886;154.06286;0;175.88026;0;2357.46664;313.65889;0;588.77467;791.48826;188.53736;163.54758;1046.70812;617.32435;0;0;17.84628;932.71485;0;2176.73566;0;1257.05116;0;0;228.24326;0;0;0;162.87015;261.94894;620.92306;0;0;0;0;0;0;229.90722;0;384.51197;246.15618;1097.46905;289.82664;0;0;5611.11111;1504.22701;6421.68783;3892.74754;1735.76718;1224.31004;0;0;0;0;0;0;0;0;581.40581;11082.60281;0;0;0;971.7054;0;0;360.24867
Tannerella forsythia;0;0;0;0;0;0;0;0;0;0;0;0;0;0;0;0;0;0;0;0;0;0;0;0;0;0;0;0;248.77229;0;0;0;0;0;605.51748;0;0;0;0;677.56544;0;0;0;0;0;0;0;0;0;0;38.91166;24367.95528;2823.34462;0;0;154.29561;0;8793.68658;0;0;0;0;0;0;0;0;0;0;1178.68768;0;0;0;0;10509.99679;0;0;2570.25594
Neisseria mucosa;510.40999;0;7682.90424;0;0;0;0;0;0;5992.90365;0;0;0;0;0;0;0;0;420.97206;0;0;263.59689;11614.91314;0;0;0;9372.45945;0;1102.65784;0;260.44124;0;0;731.49127;0;0;0;0;0;0;0;661.03039;0;0;0;0;0;0;0;0;0;0;0;0;0;237.82284;4998.25236;4200.1003;2269.89822;0;0;0;0;0;0;0;0;0;0;0;0;0;0;0;0;0;118.54125
Actinomyces oris;152.76129;1602.02764;1769.10172;82.08091;0;903.90227;0;259.94374;301.03947;788.3847;0;0;69.18297;0;1331.79186;509.46322;222.51158;0;269.05003;0;189.14098;0;0;0;0;0;563.15081;0;1063.04124;0;3643.2074;0;0;185.60636;0;0;0;0;0;46.03137;0;0;0;0;0;0;94.79721;2495.38867;553.74157;0;0;440.12133;0;0;11286.85173;87.59236;19557.43157;1370.72723;0;208.4897;0;0;0;0;0;0;0;174.24194;117.59894;0;0;0;0;0;0;0;54.22613
Atopobium parvulum;0;0;0;0;0;94.8907;0;0;0;0;0;0;0;0;0;0;0;0;0;0;0;0;0;0;0;0;2087.40575;0;5804.79635;0;0;0;0;0;0;0;0;6106.56365;0;154.71893;0;0;0;0;0;0;0;0;549.49191;0;900.6861;12495.78731;0;7437.27599;897.78029;4430.83887;0;0;2026.80399;932.85115;0;0;0;0;0;0;0;0;0;1406.6241;3006.5961;0;0;1248.05912;0;0;321.9073
Streptococcus agalactiae;0;0;0;0;0;0;0;0;0;0;0;0;0;0;0;0;0;0;0;0;0;0;0;0;0;0;0;0;0;0;0;0;0;0;0;0;0;0;0;0;0;0;0;0;0;0;0;0;0;0;0;0;0;0;0;0;0;0;0;0;0;0;0;0;0;48300.12052;0;0;0;0;0;0;0;0;0;0;0
Escherichia coli;0;0;0;0;0;0;42669.61547;0;0;0;0;0;0;0;0;0;0;0;0;0;0;0;0;0;0;0;0;0;0;0;0;0;0;0;0;0;0;37.57433;0;0;0;0;0;0;0;0;0;0;0;0;0;0;0;0;0;0;0;0;0;0;0;215.3428;0;0;0;0;0;0;0;0;0;0;0;0;0;0;0
Actinomyces naeslundii;127.52514;1079.2572;1621.30077;77.59817;0;778.22865;0;201.35424;271.1564;631.91717;0;0;67.40072;0;1093.52224;399.03444;194.64881;0;225.00507;0;149.44208;0;0;0;0;0;368.65053;0;854.02041;0;2794.24217;0;0;168.75098;0;0;0;0;0;0;0;0;0;0;0;0;75.89933;2492.15433;467.24061;0;0;360.62187;0;0;9149.31802;77.20278;15137.93766;1107.79474;0;200.31299;0;0;0;0;0;0;0;0;107.45948;0;0;0;0;0;0;0;0
Haemophilus parahaemolyticus;2111.19895;0;0;0;0;0;0;0;0;0;0;0;0;0;0;0;0;0;0;0;0;1212.7277;0;0;0;0;0;0;1223.90967;0;0;0;0;0;0;0;0;0;0;0;0;0;0;0;0;0;0;0;0;0;0;0;0;0;0;0;0;0;33232.55474;0;0;0;0;0;0;0;0;0;0;0;0;0;0;0;0;0;0
Neisseria subflava;1405.20333;0;0;0;0;0;0;0;0;0;0;0;0;0;0;0;0;0;0;0;0;8464.7683;0;0;0;0;1773.19779;0;22636.59195;0;0;0;0;0;0;0;0;0;0;0;0;0;0;0;0;0;0;0;0;0;0;0;0;0;0;0;0;0;0;0;0;0;0;0;0;0;0;0;0;0;0;0;0;0;0;0;545.1186
Prevotella enoeca;137.81316;0;774.87251;65.05076;0;80.00545;0;0;0;0;0;0;0;2015.27307;0;0;0;0;0;0;0;193.27263;848.35107;0;0;0;1028.24859;0;2989.57973;0;0;0;0;0;0;0;0;362.27592;0;568.86104;0;0;0;0;0;0;0;1499.14535;233.51439;0;1039.41211;644.47482;0;0;0;769.60529;0;1335.69163;0;844.73317;0;1114.20277;0;0;0;306.81986;0;0;606.25008;0;0;4971.537;6848.15405;2016.86019;0;0;455.89612
Streptococcus mutans;0;0;0;0;0;0;0;0;0;0;0;0;0;0;0;0;0;0;0;0;0;0;0;0;0;0;0;0;313.91227;0;0;0;0;0;0;0;0;20043.31246;0;0;0;0;0;0;0;0;0;0;0;0;0;1540.31356;0;0;783.76637;1107.05173;1531.68677;1502.27487;0;0;0;0;0;0;0;0;0;0;0;878.78788;0;0;0;435.8274;0;0;0
Capnocytophaga sputigena;184.13831;0;0;0;0;0;0;1525.91052;0;0;0;0;0;0;0;0;0;0;0;0;0;0;1226.39195;0;0;0;1605.384;0;404.35848;0;0;0;1869.24511;0;0;0;0;1086.28478;0;132.82823;0;0;0;0;0;0;0;0;0;0;0;0;0;0;0;6487.14721;2139.37591;3411.0903;0;0;0;927.0469;0;0;0;2144.46064;0;0;0;0;0;0;0;508.21533;0;0;0
Aspergillusfumigatus;0;0;0;0;0;11577.38566;0;0;0;0;0;0;0;0;0;0;0;0;0;0;0;0;0;1768.73105;1222.83505;11.34673;0;0;0;0;0;0;7613.415;0;0;0;0;0;0;0;0;0;0;0;0;0;0;0;0;0;0;0;0;0;0;0;0;0;0;0;0;0;0;0;0;0;0;0;0;0;0;0;0;0;0;0;0
Capnocytophaga leadbetteri;200.59298;0;310.94271;0;0;0;0;0;0;0;0;0;0;0;0;0;0;0;0;0;0;232.18609;636.24727;0;0;0;0;0;1067.73293;0;0;0;0;0;0;0;0;0;0;1571.55306;0;0;0;0;0;0;0;0;0;0;0;0;0;0;636.33194;489.45945;1041.4238;0;0;0;0;0;0;7404.98034;4647.13022;3428.76487;0;0;0;0;0;0;0;0;0;0;108.53555
Lactobacillus rhamnosus;0;0;0;0;0;0;0;0;0;0;0;0;0;0;0;0;0;0;0;0;0;0;0;0;0;0;0;0;0;0;316.4557;0;0;0;0;0;0;0;0;0;0;0;0;0;111.53305;0;0;333.529;142.11274;423.44035;0;5139.5996;0;3421.81986;315.9615;866.09126;0;0;0;0;8190.32761;214.48398;0;0;960.87852;0;0;0;0;0;0;0;0;0;0;0;0
Fusobacterium hwasookii;135.37947;0;0;0;0;0;0;0;0;0;0;0;0;0;0;0;0;0;0;0;0;190.06959;0;0;0;0;1231.27528;0;2885.98979;0;0;0;325.25271;0;0;0;0;31.45776;0;854.35783;0;0;0;0;0;0;0;0;0;0;0;3201.19528;5003.7228;0;0;44.52467;0;0;0;0;0;0;0;0;2390.65228;1123.70774;0;0;0;0;0;0;0;850.94668;0;0;491.57753
Pseudopropionibacterium propionicum;0;0;125.56992;0;1095.9097;0;0;0;0;0;0;0;0;0;0;0;0;0;0;0;223.20285;126.41316;955.19206;0;0;0;1987.1895;0;1325.33771;0;0;0;154.61544;0;0;0;0;0;0;0;0;374.27976;0;0;0;0;0;0;0;0;0;695.51907;0;0;1363.66513;53.76519;1043.78244;1366.0511;0;1131.11769;0;0;0;0;2634.06344;2148.53692;0;0;0;0;0;0;0;0;0;0;0
Gemella morbillorum;513.78555;0;1758.91046;110.37871;0;0;0;0;0;0;0;0;0;0;0;0;0;0;0;0;0;1374.63891;0;0;0;0;0;0;537.93359;0;0;0;0;254.81124;0;0;0;77.95815;0;0;0;0;0;0;0;0;0;0;0;0;529.56022;0;0;0;0;0;0;0;0;0;0;0;0;0;0;0;0;0;268.85834;0;0;0;0;10159.26065;0;0;0
Fusobacterium periodonticum;1139.99088;0;0;0;0;0;0;0;0;0;0;0;0;0;0;0;0;0;0;0;0;1599.96172;0;0;0;0;0;0;9817.56071;0;0;0;0;0;0;0;0;0;0;0;0;0;0;0;0;0;0;0;0;0;0;554.93414;1405.03949;0;0;0;0;0;0;0;0;0;0;0;0;0;0;0;0;0;0;0;0;182.95264;0;0;790.51729
Neisseria bacilliformis;0;0;0;0;0;0;0;0;0;0;0;0;0;0;0;0;0;0;0;0;0;0;0;0;0;0;0;0;0;0;0;0;0;0;0;0;0;0;0;0;323.08652;0;0;0;0;0;0;0;0;0;0;0;0;0;6243.15923;2798.04981;6097.27535;0;0;0;0;0;0;0;0;0;0;0;0;0;0;0;0;0;0;0;0
Prevotella fusca;0;0;0;63.98409;0;173.96497;0;0;0;0;0;0;0;1436.8312;0;0;0;0;0;0;0;0;0;0;0;0;0;0;917.76247;0;0;0;0;0;0;0;0;67.09412;0;109.67919;0;0;0;0;0;0;0;824.52524;459.23313;0;514.41831;430.03499;0;0;0;1011.44987;0;0;747.05915;1519.88341;0;1785.34397;0;0;0;0;0;0;0;0;0;0;3793.90852;876.29037;0;0;251.64846
Streptococcus cristatus;0;0;642.70756;909.35591;1178.9601;87.36963;0;0;0;0;0;0;0;0;912.11348;0;0;0;429.31937;0;0;506.42129;0;0;0;24.50933;1257.86164;0;708.81915;0;0;0;0;0;0;0;0;260.49801;0;534.12259;0;0;0;0;0;0;0;0;0;0;792.17448;0;0;0;1640.51355;1536.6277;0;0;756.53043;0;0;0;0;0;0;0;0;0;0;1804.58696;0;0;0;266.30027;0;0;0
Eubacterium sulci;0;0;0;0;0;0;0;0;0;0;0;0;0;0;0;0;0;0;0;0;0;0;0;0;0;0;0;0;4538.55399;0;0;0;0;0;0;0;0;132.83788;0;0;0;0;0;0;0;0;0;0;0;0;0;7067.04777;0;0;0;0;0;0;0;0;0;0;0;0;0;0;0;0;0;1416.68142;0;0;0;280.85478;0;0;437.49512
Stenotrophomonas rhizophila;0;0;0;0;0;0;0;0;2122.07549;1409.03333;0;0;0;0;0;0;0;0;0;0;0;0;0;3494.2214;1426.27154;0;1321.97038;0;0;0;0;0;0;0;0;0;0;0;0;0;0;0;0;0;0;0;0;744.78649;468.43107;1284.37506;0;0;0;0;0;0;0;0;0;0;0;0;0;0;0;0;0;0;0;0;0;0;0;0;0;0;0
Cryptobacterium curtum;0;0;0;0;0;0;0;0;0;0;0;0;0;0;0;0;0;0;0;0;0;0;0;0;0;0;0;0;0;0;0;0;0;0;0;0;0;0;0;0;0;0;0;0;0;0;0;0;0;0;0;10250.72956;0;0;0;0;0;0;0;0;0;0;0;0;0;0;0;0;0;0;0;0;0;0;0;0;0
Saccharomyces cerevisiae;0;0;0;0;0;0;0;0;0;0;0;0;0;0;0;0;0;0;0;0;0;0;0;0;0;0;0;0;0;0;0;0;0;0;0;0;0;0;0;0;0;0;9987.75603;0;0;0;0;0;0;0;0;0;0;0;0;0;0;0;0;0;0;0;0;0;0;0;0;0;0;0;0;0;0;0;0;0;0
Actinomyces meyeri;0;0;0;0;0;170.98199;0;0;0;0;0;0;0;0;0;0;0;0;0;0;0;0;0;0;0;0;0;0;0;0;0;0;0;0;0;0;0;0;0;131.67741;0;0;0;0;0;0;0;0;0;0;82.63386;0;0;0;0;0;0;0;0;647.07886;0;0;0;0;0;0;0;0;315.10412;0;0;7445.68098;0;573.06166;0;0;0
Campylobacter concisus;0;563.76981;359.3326;810.23044;0;0;0;0;0;0;0;0;0;0;0;0;0;0;0;0;0;195.22139;0;0;0;0;0;0;536.19303;0;0;0;0;0;0;0;0;34.99726;0;1246.6409;0;0;0;0;0;0;0;0;0;0;1226.5344;1013.25971;0;0;0;1498.21646;0;0;0;0;0;0;0;0;0;0;0;0;0;870.60943;0;0;0;0;0;0;115.41445
Stenotrophomonas acidaminiphila;0;0;0;0;0;0;0;0;1028.00818;611.1796;0;0;0;0;0;0;0;0;0;0;0;0;0;1487.52322;601.33091;0;1151.1316;0;0;0;0;0;0;0;96.66939;0;0;0;0;0;0;0;0;0;0;0;0;685.90029;438.75968;1186.439;0;0;0;0;0;0;0;0;0;0;0;0;0;0;0;0;0;0;0;0;0;0;0;0;0;0;0
Klebsiella pneumoniae;0;0;0;0;0;0;0;0;0;0;0;0;0;0;0;0;0;0;0;0;0;0;0;0;0;0;0;0;0;0;0;0;0;0;0;0;0;0;0;0;0;0;0;0;0;0;0;0;0;0;0;0;0;0;0;0;1824.31681;5113.88196;0;0;0;0;0;0;0;0;0;0;0;0;0;0;0;0;0;0;0
Lactobacillus fermentum;0;0;0;0;0;0;0;0;0;0;0;0;0;0;0;0;0;0;0;0;0;0;0;0;0;0;0;0;0;0;0;0;0;0;0;0;0;0;0;0;0;0;0;0;0;0;0;0;0;0;0;265.35672;0;0;0;0;0;0;0;0;0;0;0;0;874.10779;0;0;0;0;0;5675.91966;0;0;0;0;0;0
Lautropia mirabilis;0;0;0;0;0;0;0;0;0;0;0;0;0;0;0;0;0;0;0;0;0;0;0;0;0;0;930.99113;0;926.13469;0;0;0;0;0;0;0;0;0;0;0;0;0;0;0;0;0;0;0;0;0;0;0;0;0;0;0;0;3119.49824;0;0;0;0;0;0;0;0;0;0;0;0;679.40869;0;0;0;0;0;0
Dialister pneumosintes;0;0;0;0;0;0;0;0;0;0;0;0;0;0;0;0;0;0;0;0;0;0;0;0;0;0;0;0;0;0;0;0;0;0;0;0;0;0;0;0;0;0;0;0;0;0;0;0;0;0;0;0;0;0;0;0;0;0;0;0;0;0;0;0;0;0;0;0;0;0;0;0;0;5501.30984;0;0;0
Stenotrophomonas nitritireducens;0;0;0;0;0;0;0;0;468.64248;339.38815;0;0;0;0;0;0;0;0;0;0;0;0;0;840.3114;325.22297;0;1860.46512;0;0;0;0;0;0;0;0;0;0;0;0;0;0;0;0;0;0;0;0;247.16205;182.30199;474.76194;0;0;0;0;0;0;0;0;0;0;0;0;0;0;0;0;0;0;0;0;0;0;0;0;0;0;0
Neisseria elongata;305.56261;0;0;0;0;0;0;0;0;0;0;0;0;0;0;0;0;0;0;0;0;175.94847;0;0;0;0;959.97708;0;497.31838;0;0;0;0;0;0;0;0;0;0;0;0;0;0;0;0;0;0;0;0;0;0;0;0;0;0;188.38298;2319.76544;0;0;0;0;0;0;0;0;0;0;0;0;0;0;0;0;0;0;0;0
Filifactor alocis;0;0;0;0;0;0;0;0;0;0;0;0;0;0;0;0;0;0;0;0;0;0;0;0;0;0;0;0;0;0;0;0;0;0;0;0;0;0;0;0;0;0;0;0;0;0;0;0;0;0;851.13278;0;0;0;0;0;0;0;0;0;0;0;0;0;0;0;0;0;0;0;0;0;0;3301.3309;0;0;0
Neisseria cinerea;254.81075;0;0;0;0;0;0;0;0;0;0;0;0;0;0;0;0;0;0;0;0;222.42423;0;0;0;0;0;0;3454.58911;0;0;0;0;0;0;0;0;0;0;0;0;0;0;0;0;0;0;0;0;0;0;0;0;0;0;0;0;0;0;0;0;0;0;0;0;0;0;0;0;0;0;0;0;0;0;0;0
Parascardovia denticolens;0;0;0;0;0;114.00224;0;0;0;0;0;0;0;2127.65957;0;0;0;634.23781;0;0;0;0;0;0;0;0;0;0;0;0;0;0;0;0;0;0;0;549.64757;0;0;0;0;0;0;0;0;0;0;0;0;0;0;0;0;0;0;0;0;0;0;0;0;0;0;0;0;0;0;0;0;0;0;0;0;0;0;0
Escherichia fergusonii;0;0;0;0;0;0;2987.65967;0;0;0;0;0;0;0;0;0;0;0;0;0;0;0;0;0;0;0;0;0;0;0;0;0;0;0;0;0;0;0;0;0;0;0;0;0;0;0;0;0;0;0;0;0;0;0;0;0;0;0;0;0;0;0;0;0;0;0;0;0;0;0;0;0;0;0;0;0;0
Campylobacter curvus;0;0;0;0;0;0;0;0;0;0;0;0;0;0;0;0;0;0;0;0;0;0;0;0;0;0;0;0;0;0;0;0;0;0;0;0;0;0;0;0;0;0;0;0;0;0;0;0;0;0;0;2941.40648;0;0;0;0;0;0;0;0;0;0;0;0;0;0;0;0;0;0;0;0;0;0;0;0;0
Candida dubliniensis;0;2774.83068;0;0;0;0;0;0;0;0;0;0;0;0;0;0;0;0;0;0;0;0;0;0;0;0;0;0;0;0;0;0;0;0;0;0;0;0;0;0;0;0;0;0;0;0;0;0;0;0;0;0;0;0;0;0;0;0;0;0;0;0;0;0;0;0;0;0;0;0;0;0;0;0;0;0;0
Bifidobacterium breve;0;0;0;0;0;0;0;0;0;0;0;0;0;0;0;0;0;0;0;0;0;0;0;0;0;0;0;0;0;0;0;0;0;0;0;0;0;0;0;0;0;0;0;0;0;0;0;0;0;0;0;1894.29063;0;0;0;0;0;0;0;0;0;0;0;0;0;0;0;0;0;0;0;0;0;0;0;0;0
Pseudomonas soli;0;0;0;0;0;0;0;0;0;0;0;0;0;0;0;0;0;0;0;0;0;0;0;0;0;0;0;0;0;46.98231;98.38795;0;0;60.47681;199.34914;0;0;0;0;0;0;0;0;0;0;0;0;166.83564;119.96541;211.5231;0;0;0;0;0;0;0;0;0;0;0;0;0;0;0;0;444.65369;0;0;0;0;0;0;0;0;262.46719;0
Prevotella intermedia;0;0;0;0;0;0;0;0;0;0;0;0;0;0;0;0;0;0;0;0;0;0;0;0;0;0;0;0;0;0;0;0;0;0;0;0;0;0;0;0;0;0;0;0;0;0;0;0;0;0;0;0;0;0;0;378.67957;0;0;0;0;0;0;0;0;0;0;0;0;0;0;0;0;0;0;0;0;1175.4856
Xanthomonas sacchari;0;0;0;0;0;0;0;0;321.69558;0;0;0;0;0;0;0;0;0;0;0;0;0;0;579.59815;237.13303;0;0;0;0;0;0;0;0;0;0;0;0;0;0;0;0;0;0;0;0;0;0;0;84.61986;208.33144;0;0;0;0;0;0;0;0;0;0;0;0;0;0;0;0;0;0;0;0;0;0;0;0;0;0;0
Campylobacter gracilis;0;0;0;0;0;0;0;0;0;0;0;0;0;0;0;0;0;0;0;0;0;0;0;0;0;0;661.31318;0;282.09765;0;0;0;0;0;0;0;0;0;0;0;0;0;0;0;0;0;0;0;0;0;0;0;0;0;0;373.2259;0;0;0;0;0;0;0;0;0;0;0;0;0;0;0;0;0;0;0;0;0
Candidaalbicans;0;0;0;0;0;0;0;0;0;0;0;0;0;0;1242.78836;0;0;0;0;0;0;0;0;0;0;0;0;0;0;0;0;0;0;0;0;0;0;0;0;0;0;0;0;0;0;0;0;0;0;0;0;0;0;0;0;0;0;0;0;0;0;0;0;0;0;0;0;0;0;0;0;0;0;0;0;0;0
Delftia tsuruhatensis;0;0;0;0;0;0;0;0;0;0;0;0;0;0;0;0;0;0;0;0;0;0;0;0;0;0;0;0;0;145.29821;219.77541;209.58326;0;0;124.94555;0;0;0;0;0;0;0;0;0;0;0;0;173.83165;100.93302;237.10965;0;0;0;0;0;0;0;0;0;0;0;0;0;0;0;0;0;0;0;0;0;0;0;0;0;0;0
Pseudomonas putida;0;0;0;0;0;0;0;0;0;0;0;0;0;0;0;0;0;0;0;0;0;0;0;0;0;0;0;0;0;139.24976;219.27402;171.71157;0;122.24467;322.897;0;0;0;72.48689;0;0;0;0;0;0;0;0;0;0;0;0;0;0;0;0;0;0;0;0;0;0;0;0;0;0;0;0;0;0;0;0;0;0;0;0;56.86221;65.00256
Pseudomonas balearica;0;0;0;0;0;0;0;0;0;0;0;0;0;0;0;0;0;0;0;0;0;0;0;0;0;0;0;0;0;0;849.79384;0;0;0;0;0;0;0;0;0;0;0;0;0;0;0;0;0;0;0;0;0;0;0;0;0;0;0;0;0;0;0;0;0;0;0;304.21426;0;0;0;0;0;0;0;0;0;0
Escherichia albertii;0;0;0;0;0;0;1147.96817;0;0;0;0;0;0;0;0;0;0;0;0;0;0;0;0;0;0;0;0;0;0;0;0;0;0;0;0;0;0;0;0;0;0;0;0;0;0;0;0;0;0;0;0;0;0;0;0;0;0;0;0;0;0;0;0;0;0;0;0;0;0;0;0;0;0;0;0;0;0
Staphylococcus haemolyticus;0;0;0;0;0;0;0;0;0;0;0;0;0;0;0;0;0;0;392.63189;0;0;0;0;0;0;0;0;0;0;0;0;0;0;0;0;0;0;0;0;0;0;0;0;0;0;0;0;0;0;0;0;0;0;0;0;0;0;0;0;0;0;732.9816;0;0;0;0;0;0;0;0;0;0;0;0;0;0;0
Xanthomonas translucens;0;0;0;0;0;0;0;0;277.62682;0;0;0;0;0;0;0;0;0;0;0;0;0;0;508.49196;177.83632;0;0;0;0;0;0;0;0;0;0;0;0;0;0;0;0;0;0;0;0;0;0;0;0;161.46828;0;0;0;0;0;0;0;0;0;0;0;0;0;0;0;0;0;0;0;0;0;0;0;0;0;0;0
Selenomonas sputigena;0;0;0;0;0;0;0;0;0;0;0;0;0;0;0;0;0;0;0;0;0;0;0;0;0;0;0;0;760.39926;0;0;0;0;0;0;0;0;0;0;0;0;0;0;0;0;0;0;0;0;0;0;0;0;0;0;0;0;0;0;0;0;0;0;0;0;0;0;0;0;0;0;0;0;186.65974;0;0;75.58293
Pseudoxanthomonas suwonensis;0;0;0;0;0;0;0;0;312.83983;0;0;0;0;0;0;0;0;0;0;0;0;0;0;519.99844;0;0;0;0;0;0;0;0;0;0;0;0;0;0;0;0;0;0;0;0;0;0;0;0;0;179.50314;0;0;0;0;0;0;0;0;0;0;0;0;0;0;0;0;0;0;0;0;0;0;0;0;0;0;0
Porphyromonas asaccharolytica;0;0;0;0;0;0;0;0;0;0;0;0;0;0;0;0;0;0;0;0;0;0;0;0;0;0;1000.69013;0;0;0;0;0;0;0;0;0;0;0;0;0;0;0;0;0;0;0;0;0;0;0;0;0;0;0;0;0;0;0;0;0;0;0;0;0;0;0;0;0;0;0;0;0;0;0;0;0;0
Pseudomonas plecoglossicida;0;0;0;0;0;0;0;0;0;0;0;0;0;0;0;0;0;0;0;0;0;0;0;0;0;0;0;0;0;273.55945;257.08241;401.85664;0;0;0;0;0;0;0;0;0;0;0;0;0;0;0;0;0;0;0;0;0;0;0;0;0;0;0;0;0;0;0;0;0;0;0;0;0;0;0;0;0;0;0;0;0
Capnocytophaga ochracea;0;0;0;0;0;0;0;0;0;0;0;0;0;0;0;0;0;0;0;0;0;0;0;0;0;0;0;0;0;0;0;0;219.30777;0;0;0;0;35.33708;0;0;0;0;0;0;0;0;0;0;0;0;0;0;0;0;0;246.35947;0;0;0;0;0;0;0;0;0;0;0;0;0;0;0;0;0;422.6955;0;0;0
Achromobacter xylosoxidans;0;0;283.80683;0;0;0;0;0;0;0;0;0;0;0;0;0;0;0;0;0;0;0;0;0;0;0;0;0;0;0;0;0;0;0;0;0;0;0;0;0;0;0;0;0;0;0;0;190.93352;151.19945;285.87264;0;0;0;0;0;0;0;0;0;0;0;0;0;0;0;0;0;0;0;0;0;0;0;0;0;0;0
Olsenella uli;0;0;0;0;0;0;0;0;0;0;0;0;0;0;0;0;0;0;0;0;0;0;0;0;0;0;0;0;0;0;0;0;0;0;0;0;0;0;0;0;0;0;0;0;0;0;0;0;0;0;0;205.66856;0;0;0;0;0;0;0;0;0;0;0;0;0;0;0;0;0;0;0;0;0;690.57301;0;0;0
Moraxella osloensis;0;878.60857;0;0;0;0;0;0;0;0;0;0;0;0;0;0;0;0;0;0;0;0;0;0;0;0;0;0;0;0;0;0;0;0;0;0;0;0;0;0;0;0;0;0;0;0;0;0;0;0;0;0;0;0;0;0;0;0;0;0;0;0;0;0;0;0;0;0;0;0;0;0;0;0;0;0;0
Escherichia marmotae;0;0;0;0;0;0;815.25592;0;0;0;0;0;0;0;0;0;0;0;0;0;0;0;0;0;0;0;0;0;0;0;0;0;0;0;0;0;0;0;0;0;0;0;0;0;0;0;0;0;0;0;0;0;0;0;0;0;0;0;0;0;0;0;0;0;0;0;0;0;0;0;0;0;0;0;0;0;0
Micrococcus luteus;0;753.45455;0;0;0;0;0;0;0;0;0;0;0;0;0;0;0;0;0;0;0;0;0;0;0;0;0;0;0;0;0;0;0;0;0;0;0;0;0;0;0;0;0;0;0;0;0;0;0;0;0;0;0;0;0;0;0;0;0;0;0;0;0;0;0;0;0;0;0;0;0;0;0;0;0;0;0
Gardnerella vaginalis;0;0;0;0;0;0;0;0;0;0;0;0;0;0;0;0;0;0;0;0;0;0;0;0;0;0;0;0;0;0;0;0;0;0;0;0;0;0;0;0;0;0;0;0;0;0;0;0;0;0;0;0;0;0;0;0;0;0;0;0;0;0;0;0;0;0;0;0;0;0;0;0;0;750.32827;0;0;0
Pseudomonas monteilii;0;0;0;0;0;0;0;0;0;0;0;0;0;0;0;0;0;0;0;0;0;0;0;0;0;0;0;0;0;197.33841;190.8915;261.05436;0;0;0;0;0;0;0;0;0;0;0;0;0;0;0;0;0;0;0;0;0;0;0;0;0;0;0;0;0;0;0;0;0;0;0;0;0;0;0;0;0;0;0;0;0
Streptococcus suis;0;0;0;0;0;0;0;0;0;0;0;0;0;0;0;0;0;0;0;0;0;0;0;0;0;0;0;0;0;0;0;0;0;0;0;0;0;0;0;0;0;0;0;0;0;0;0;0;0;0;0;0;0;0;0;639.14627;0;0;0;0;0;0;0;0;0;0;0;0;0;0;0;0;0;0;0;0;0
Achromobacter spanius;0;0;217.46457;0;0;0;0;0;0;0;0;0;0;0;0;0;0;0;0;0;0;0;0;0;0;0;0;0;0;0;0;0;0;0;0;0;0;0;0;0;0;0;0;0;0;0;0;128.52508;91.77796;192.93096;0;0;0;0;0;0;0;0;0;0;0;0;0;0;0;0;0;0;0;0;0;0;0;0;0;0;0
Streptococcus pyogenes;0;0;0;0;0;0;0;0;0;0;0;0;0;0;0;0;0;0;0;0;0;0;0;0;0;0;0;0;0;0;0;0;0;0;0;0;0;0;0;0;0;0;0;0;0;0;0;0;0;0;0;0;0;0;0;584.48562;0;0;0;0;0;0;0;0;0;0;0;0;0;0;0;0;0;0;0;0;0
Herminiimonas arsenicoxydans;0;0;0;0;0;0;0;0;0;0;0;0;0;0;0;0;0;0;0;0;0;0;0;0;0;0;0;0;0;0;0;0;0;0;0;0;0;0;0;0;0;0;0;0;0;0;0;0;0;0;0;0;0;0;0;0;0;0;0;0;0;0;0;0;0;0;580.31879;0;0;0;0;0;0;0;0;0;0
Streptococcus macedonicus;0;0;0;0;0;0;0;0;0;0;0;0;0;0;0;0;0;0;0;0;0;0;0;0;0;0;0;0;0;0;0;0;0;0;0;0;0;383.01339;0;0;0;0;0;0;0;0;0;0;0;0;197.00603;0;0;0;0;0;0;0;0;0;0;0;0;0;0;0;0;0;0;0;0;0;0;0;0;0;0
Treponema denticola;0;0;0;0;0;0;0;0;0;0;0;0;0;0;0;0;0;0;0;0;0;0;0;0;0;0;0;0;0;0;0;0;0;0;0;0;0;0;0;0;0;0;0;0;0;0;0;0;0;0;0;0;0;0;0;0;0;0;0;0;0;0;0;0;0;0;0;0;0;0;0;0;0;578.41714;0;0;0
Lactococcus piscium;0;0;0;0;0;0;0;0;0;0;0;0;0;0;0;0;0;0;0;0;0;0;0;0;0;0;0;0;0;0;0;0;0;0;0;0;0;0;0;0;562.61557;0;0;0;0;0;0;0;0;0;0;0;0;0;0;0;0;0;0;0;0;0;0;0;0;0;0;0;0;0;0;0;0;0;0;0;0
Actinomyces radicidentis;0;0;0;0;0;0;0;0;0;0;0;0;0;0;157.66453;0;0;0;0;0;0;0;0;0;0;0;0;0;0;0;0;0;0;0;0;0;0;0;0;0;0;0;0;0;0;0;0;0;0;0;0;0;0;0;389.81475;0;0;0;0;0;0;0;0;0;0;0;0;0;0;0;0;0;0;0;0;0;0
Cupriavidus metallidurans;0;0;0;0;0;0;0;0;0;0;0;0;0;0;0;0;0;0;0;0;0;0;0;0;0;0;0;0;0;0;0;0;0;0;0;0;0;0;0;0;0;0;0;0;0;0;0;0;0;0;0;0;478.31823;0;0;0;0;0;0;0;0;0;0;0;0;0;0;0;0;0;0;0;0;0;0;0;0
Achromobacter insolitus;0;0;124.88045;0;0;0;0;0;0;0;0;0;0;0;0;0;0;0;0;0;0;0;0;0;0;0;0;0;0;0;0;0;0;0;0;0;0;0;0;0;0;0;0;0;0;0;0;113.07351;70.35887;150.51835;0;0;0;0;0;0;0;0;0;0;0;0;0;0;0;0;0;0;0;0;0;0;0;0;0;0;0
Finegoldia magna;0;0;0;0;0;0;0;0;0;0;0;0;0;0;0;0;0;0;0;0;0;0;0;0;0;0;0;0;0;0;0;0;0;0;0;0;0;429.5328;0;0;0;0;0;0;0;0;0;0;0;0;0;0;0;0;0;0;0;0;0;0;0;0;0;0;0;0;0;0;0;0;0;0;0;0;0;0;0
Lactobacillus oris;0;0;0;0;0;0;0;0;0;0;0;0;0;0;0;0;0;0;0;0;0;0;0;0;0;0;0;0;0;0;0;0;0;0;409.66018;0;0;0;0;0;0;0;0;0;0;0;0;0;0;0;0;0;0;0;0;0;0;0;0;0;0;0;0;0;0;0;0;0;0;0;0;0;0;0;0;0;0
Staphylococcus saprophyticus;0;0;0;406.41469;0;0;0;0;0;0;0;0;0;0;0;0;0;0;0;0;0;0;0;0;0;0;0;0;0;0;0;0;0;0;0;0;0;0;0;0;0;0;0;0;0;0;0;0;0;0;0;0;0;0;0;0;0;0;0;0;0;0;0;0;0;0;0;0;0;0;0;0;0;0;0;0;0
Mycobacterium abscessus;0;0;0;0;0;0;0;0;0;0;0;0;0;0;0;0;0;0;0;0;0;0;0;0;0;0;0;0;0;0;390.90042;0;0;0;0;0;0;0;0;0;0;0;0;0;0;0;0;0;0;0;0;0;0;0;0;0;0;0;0;0;0;0;0;0;0;0;0;0;0;0;0;0;0;0;0;0;0
Aggregatibacter aphrophilus;0;0;0;0;0;0;0;0;0;0;0;0;0;0;0;0;0;0;0;0;0;327.98946;0;0;0;0;0;0;0;0;0;0;0;0;0;0;0;0;0;0;0;0;0;0;0;0;0;0;0;0;0;0;0;0;0;42.02584;0;0;0;0;0;0;0;0;0;0;0;0;0;0;0;0;0;0;0;0;0
Dermacoccus nishinomiyaensis;0;360.30842;0;0;0;0;0;0;0;0;0;0;0;0;0;0;0;0;0;0;0;0;0;0;0;0;0;0;0;0;0;0;0;0;0;0;0;0;0;0;0;0;0;0;0;0;0;0;0;0;0;0;0;0;0;0;0;0;0;0;0;0;0;0;0;0;0;0;0;0;0;0;0;0;0;0;0
Streptococcus troglodytae;0;0;0;0;0;0;0;0;0;0;0;0;0;0;0;0;0;0;0;0;0;0;0;0;0;0;0;0;0;0;0;0;0;0;0;0;0;275.77028;0;0;0;0;0;0;0;0;0;0;0;0;0;0;0;0;0;79.43338;0;0;0;0;0;0;0;0;0;0;0;0;0;0;0;0;0;0;0;0;0
Xanthomonas arboricola;0;0;0;0;0;0;0;0;112.7968;0;0;0;0;0;0;0;0;0;0;0;0;0;0;206.05444;0;0;0;0;0;0;0;0;0;0;0;0;0;0;0;0;0;0;0;0;0;0;0;0;0;0;0;0;0;0;0;0;0;0;0;0;0;0;0;0;0;0;0;0;0;0;0;0;0;0;0;0;0
Porphyromonas gingivalis;0;0;0;0;0;0;0;0;0;0;0;0;0;0;0;0;0;0;0;0;0;0;0;0;0;0;0;0;0;0;0;0;0;0;0;0;0;0;0;0;0;0;0;0;0;0;0;0;0;0;0;314.93085;0;0;0;0;0;0;0;0;0;0;0;0;0;0;0;0;0;0;0;0;0;0;0;0;0
Lactococcus raffinolactis;0;0;0;0;0;0;0;0;0;0;0;0;0;0;0;0;0;0;298.40178;0;0;0;0;0;0;0;0;0;0;0;0;0;0;0;0;0;0;0;0;0;0;0;0;0;0;0;0;0;0;0;0;0;0;0;0;0;0;0;0;0;0;0;0;0;0;0;0;0;0;0;0;0;0;0;0;0;0
Xanthomonas campestris;0;0;0;0;0;0;0;0;109.3366;0;0;0;0;0;0;0;0;0;0;0;0;0;0;171.172;0;0;0;0;0;0;0;0;0;0;0;0;0;0;0;0;0;0;0;0;0;0;0;0;0;0;0;0;0;0;0;0;0;0;0;0;0;0;0;0;0;0;0;0;0;0;0;0;0;0;0;0;0
Lactobacillus casei;0;0;0;0;0;0;0;0;0;0;0;0;0;0;0;0;0;194.73372;0;0;67.22248;0;0;0;0;0;0;0;0;0;0;0;0;0;0;0;0;0;0;0;0;0;0;0;0;0;0;0;0;0;0;0;0;0;0;0;0;0;0;0;0;0;0;0;0;0;0;0;0;0;0;0;0;0;0;0;0
Prevotella dentalis;0;0;0;0;0;0;0;0;0;0;0;0;0;0;0;0;0;0;0;0;0;0;0;0;0;0;0;0;0;0;0;0;0;0;0;0;0;0;0;254.22275;0;0;0;0;0;0;0;0;0;0;0;0;0;0;0;0;0;0;0;0;0;0;0;0;0;0;0;0;0;0;0;0;0;0;0;0;0
Bifidobacterium scardovii;0;0;0;0;0;0;0;0;0;0;0;0;0;0;0;0;0;0;0;0;0;0;0;0;0;0;0;0;0;0;0;0;0;0;0;0;0;0;0;0;0;0;0;0;0;0;0;0;0;0;0;240.99914;0;0;0;0;0;0;0;0;0;0;0;0;0;0;0;0;0;0;0;0;0;0;0;0;0
Lysobacter enzymogenes;0;0;0;0;0;0;0;0;99.00071;0;0;0;0;0;0;0;0;0;0;0;0;0;0;134.86103;0;0;0;0;0;0;0;0;0;0;0;0;0;0;0;0;0;0;0;0;0;0;0;0;0;0;0;0;0;0;0;0;0;0;0;0;0;0;0;0;0;0;0;0;0;0;0;0;0;0;0;0;0
Staphylococcus xylosus;0;0;0;0;0;0;0;0;0;0;0;0;0;0;0;0;0;0;0;0;0;0;0;0;0;0;0;0;0;0;0;0;0;0;0;0;0;0;0;0;0;0;0;0;0;0;0;0;0;0;0;0;0;0;0;0;0;0;0;221.39231;0;0;0;0;0;0;0;0;0;0;0;0;0;0;0;0;0
Mycobacterium avium;0;0;0;0;201.11619;7.38097;0;0;0;0;0;0;0;0;0;0;0;0;0;0;0;0;0;0;0;0;0;0;0;0;0;0;0;0;0;0;0;0;0;0;0;0;0;0;0;0;0;0;0;0;0;0;0;0;0;0;0;0;0;0;0;0;0;0;0;0;0;0;0;0;0;0;0;0;0;0;0
Pseudoxanthomonas spadix;0;0;0;0;0;0;0;0;200.55249;0;0;0;0;0;0;0;0;0;0;0;0;0;0;0;0;0;0;0;0;0;0;0;0;0;0;0;0;0;0;0;0;0;0;0;0;0;0;0;0;0;0;0;0;0;0;0;0;0;0;0;0;0;0;0;0;0;0;0;0;0;0;0;0;0;0;0;0
Bordetella petrii;0;0;0;0;0;0;0;0;0;0;0;0;0;0;0;0;0;0;0;0;0;0;0;0;0;0;0;0;0;0;0;0;0;0;0;0;0;0;0;0;0;0;0;0;0;0;0;0;75.81584;119.15723;0;0;0;0;0;0;0;0;0;0;0;0;0;0;0;0;0;0;0;0;0;0;0;0;0;0;0
Castellaniella defragrans;0;0;0;0;0;0;0;0;0;0;0;0;0;0;0;0;0;0;0;0;0;0;0;0;0;0;0;0;0;0;0;0;188.02928;0;0;0;0;0;0;0;0;0;0;0;0;0;0;0;0;0;0;0;0;0;0;0;0;0;0;0;0;0;0;0;0;0;0;0;0;0;0;0;0;0;0;0;0
Pseudomonas pseudoalcaligenes;0;0;0;0;0;0;0;0;0;0;0;0;0;0;0;0;0;0;0;0;0;0;0;0;0;0;0;0;0;0;0;0;184.02383;0;0;0;0;0;0;0;0;0;0;0;0;0;0;0;0;0;0;0;0;0;0;0;0;0;0;0;0;0;0;0;0;0;0;0;0;0;0;0;0;0;0;0;0
Actinomyces gaoshouyii;0;0;0;0;0;0;0;0;0;0;0;0;0;0;138.14174;0;0;0;0;0;0;0;0;0;0;0;0;0;0;0;0;0;0;0;0;0;0;0;0;0;0;0;0;0;0;0;0;0;0;0;0;0;0;0;0;0;0;0;0;0;0;0;0;0;0;0;0;0;0;0;0;0;0;0;0;0;0
Lactococcus lactis;0;0;0;0;0;0;0;0;0;0;0;0;0;0;0;0;0;0;0;0;0;0;0;0;0;0;0;0;0;0;0;0;0;0;0;0;0;0;0;0;0;0;0;0;0;0;0;0;0;0;0;0;0;0;0;0;0;0;0;0;0;0;0;0;0;0;0;0;0;0;0;0;0;126.98331;0;0;0
Streptococcus himalayensis;0;0;0;63.39238;0;0;0;0;0;0;0;0;0;0;0;0;0;0;0;0;0;0;0;0;0;0;0;0;0;0;0;0;0;0;0;0;0;0;0;0;0;0;0;0;0;0;0;0;0;0;0;0;0;0;0;57.68137;0;0;0;0;0;0;0;0;0;0;0;0;0;0;0;0;0;0;0;0;0
Treponema putidum;0;0;0;0;0;0;0;0;0;0;0;0;0;0;0;0;0;0;0;0;0;0;0;0;0;0;0;0;0;0;0;0;0;0;0;0;0;0;0;0;0;0;0;0;0;0;0;0;0;0;0;0;0;0;0;0;0;0;0;0;0;0;0;0;0;0;0;0;0;0;0;0;0;104.14633;0;0;0
Staphylococcus hominis;0;0;0;102.24519;0;0;0;0;0;0;0;0;0;0;0;0;0;0;0;0;0;0;0;0;0;0;0;0;0;0;0;0;0;0;0;0;0;0;0;0;0;0;0;0;0;0;0;0;0;0;0;0;0;0;0;0;0;0;0;0;0;0;0;0;0;0;0;0;0;0;0;0;0;0;0;0;0
Comamonas testosteroni;0;0;0;0;0;0;0;0;0;0;0;0;0;0;0;0;0;0;0;0;0;0;0;0;0;0;0;0;0;0;0;0;102.00548;0;0;0;0;0;0;0;0;0;0;0;0;0;0;0;0;0;0;0;0;0;0;0;0;0;0;0;0;0;0;0;0;0;0;0;0;0;0;0;0;0;0;0;0
Lactobacillus paracasei;0;0;0;0;0;0;0;0;0;0;0;0;0;0;0;0;0;0;0;0;0;0;0;0;0;0;0;0;0;0;0;0;0;0;0;0;0;0;0;0;0;0;0;0;0;0;0;0;0;0;0;0;0;0;0;70.0889;0;0;0;0;0;0;0;0;0;0;0;0;0;0;0;0;0;0;0;0;0
Aerococcus viridans;0;0;0;58.74417;0;0;0;0;0;0;0;0;0;0;0;0;0;0;0;0;0;0;0;0;0;0;0;0;0;0;0;0;0;0;0;0;0;0;0;0;0;0;0;0;0;0;0;0;0;0;0;0;0;0;0;0;0;0;0;0;0;0;0;0;0;0;0;0;0;0;0;0;0;0;0;0;0
Proteus vulgaris;0;0;0;0;0;0;0;0;0;0;0;0;0;0;0;0;0;0;0;0;0;0;0;0;0;0;0;0;0;0;0;0;0;0;0;0;0;52.91416;0;0;0;0;0;0;0;0;0;0;0;0;0;0;0;0;0;0;0;0;0;0;0;0;0;0;0;0;0;0;0;0;0;0;0;0;0;0;0
Pseudomonas stutzeri;0;0;0;0;0;0;0;0;0;0;0;0;0;0;0;0;0;0;0;0;0;0;0;0;0;51.37042;0;0;0;0;0;0;0;0;0;0;0;0;0;0;0;0;0;0;0;0;0;0;0;0;0;0;0;0;0;0;0;0;0;0;0;0;0;0;0;0;0;0;0;0;0;0;0;0;0;0;0
Acinetobacter pittii;0;0;0;0;0;0;0;0;0;0;0;0;0;0;0;0;0;0;0;0;0;0;0;0;0;0;0;0;0;0;0;0;0;0;0;0;0;49.65736;0;0;0;0;0;0;0;0;0;0;0;0;0;0;0;0;0;0;0;0;0;0;0;0;0;0;0;0;0;0;0;0;0;0;0;0;0;0;0
Eubacterium maltosivorans;0;0;0;0;0;0;0;0;0;0;0;0;0;0;0;0;0;0;0;0;0;0;0;0;0;0;0;0;0;0;0;0;0;0;0;0;0;13.67726;0;0;0;0;0;0;0;0;0;0;0;0;0;0;0;0;0;0;0;0;0;0;0;0;0;0;0;0;0;0;0;0;0;0;0;0;0;0;0
Acinetobacter johnsonii;0;0;0;0;0;0;0;0;0;0;0;0;0;0;0;0;0;0;0;0;0;0;0;0;0;0;0;0;0;0;0;0;0;0;0;0;0;10.8025;0;0;0;0;0;0;0;0;0;0;0;0;0;0;0;0;0;0;0;0;0;0;0;0;0;0;0;0;0;0;0;0;0;0;0;0;0;0;0
